"id","nome","nascimento","pretensao_salarial","pcd"
1,"Pedro","1984-05-29","5500.00",True
2,"Jo√£o","1980-02-01","6000.00",False
3,"Maria","2000-05-03","6500.00",False
4,"Laura","2001-09-05","5400.00",False
5,"Morgana","1990-04-07","5400.00",False
6,"Julia","2003-08-23","9000.00",False
7,"Afonso","2009-07-02","5000.00",True
8,"Antonio","1970-11-01","6500.00",False
9,"Lia","1969-08-30","5600.00",False
10,"Juvencio","1968-07-02","6250.00",True
11,"Dorival","2003-09-01","3500.00",False
12,"Lucio","2004-06-04","6000.00",False
13,"Arthur","2000-12-05","1100.00",False
